id,name,type,upgrade,stat
1,Abyssal Crystal Monster,Enhancer Crysta (Purple),,"MaxMP: -200, Stability %: 4, Physical Resistance %: 6, Magic Resistance %: 6, Short Range Damage %: 4, Shield only: Ailment Resistance %: 5"
2,Accuracy+10,Normal Crysta,,Accuracy: 10
3,Accuracy+12,Normal Crysta,,Accuracy: 12
4,Accuracy+14,Normal Crysta,,Accuracy: 14
5,Accuracy+16,Normal Crysta,,Accuracy: 16
6,Accuracy+2,Normal Crysta,,Accuracy: 2
7,Accuracy+4,Normal Crysta,,Accuracy: 4
8,Accuracy+8,Normal Crysta,,Accuracy: 8
9,Adaro,Additional Crysta,,"MaxHP: 1000, MATK %: 6, Critical Damage: 6, Heavy Armor only: Aggro %: 10"
10,Ageladanios,Enhancer Crysta (Blue),,"ATK %: 6, Magic Resistance %: -15, Critical Damage: 8, Motion Speed %: -1"
11,AGI+1,Normal Crysta,,AGI: 1
12,AGI+2,Normal Crysta,,AGI: 2
13,AGI+3,Normal Crysta,,AGI: 3
14,AGI+4,Normal Crysta,,AGI: 4
15,AGI+5,Normal Crysta,,AGI: 5
16,AGI+6,Normal Crysta,,AGI: 6
17,AGI+7,Normal Crysta,,AGI: 7
18,Alfenix,Weapon Crysta,,"MaxHP %: 10, Fire Resistance %: 10, Water Resistance %: -30"
19,Altadar,Normal Crysta,,"ATK %: 3, Aggro %: 9, Melee Resistance %: 3"
20,Altan,Normal Crysta,,"Aggro %: 10, MDEF: 100, Magic Resistance %: 5"
21,Amalgam,Normal Crysta,,"ATK %: 4, MATK %: 4, MaxMP: -220, Critical Rate: 8"
22,Amulet Titan,Normal Crysta,,"ATK %: 2, MaxHP %: 4, Critical Rate: 6, Accuracy: -8"
23,Ancient Empress II,Normal Crysta,,"MATK %: 5, DEX %: 3, Magic Pierce %: 5, Attack MP Recovery: -10"
24,Ancient Empress,Normal Crysta,,"MATK %: 4, DEX %: 2, Magic Pierce %: 3, Attack MP Recovery: -7"
25,Anemone Whirler,Normal Crysta,,"Short Range Damage %: 5, Attack MP Recovery: 7, Evasion: -150"
26,Anye,Normal Crysta,,"MaxMP: 350, ATK %: 2, Short Range Damage %: 3, Physical Pierce %: 2"
27,Arachnidemon,Additional Crysta,,"Attack MP Recovery: 10, ATK %: 2, Critical Rate: 6, Critical Damage: 2"
28,Arctic Empress,Normal Crysta,,"ATK %: 5, STR %: 3, Long Range Damage %: 5, Attack MP Recovery: -10"
29,Argokelter,Normal Crysta,,"ATK %: 5, Physical Pierce %: 10, Ailment Resistance %: 5, Evasion: -15"
30,Arick,Normal Crysta,,"Melee Resistance %: 4, Magic Resistance %: 4, Neutral Resistance %: 4, Aggro %: 12"
31,Aris,Normal Crysta,,"ATK %: 4, MATK %: 4, Physical Pierce %: 2, Magic Pierce %: 2"
32,Arrogant Knight,Normal Crysta,,"ATK %: 3, STR %: 3, Physical Pierce %: 5, Critical Damage: -9"
33,Artillery Exoskeleton,Normal Crysta,,"ATK %: 5, Critical Damage %: 1, Physical Pierce %: 5, Short Range Damage %: -15"
34,Ash Balam,Normal Crysta,,"MATK %: 4, Unsheathe Attack %: 10, Critical Rate: 6"
35,Aspd+120,Normal Crysta,,Attack Speed: 120
36,Aspd+150,Normal Crysta,,Attack Speed: 150
37,Aspd+180,Normal Crysta,,Attack Speed: 180
38,Aspd+240,Normal Crysta,,Attack Speed: 240
39,Aspd+300,Normal Crysta,,Attack Speed: 300
40,Aspd+60,Normal Crysta,,Attack Speed: 60
41,Assassin,Normal Crysta,,"Attack Speed: 1000, Evasion %: 5, Critical Rate: 10, Magic Resistance %: -10"
42,Astol,Additional Crysta,,"MaxHP %: 10, Melee Resistance %: 5, Magic Resistance %: 5, Abnormal Resistance %: 5"
43,Attack+1%,Normal Crysta,,ATK %: 1
44,Attack+2%,Normal Crysta,,ATK %: 2
45,Attack+3%,Normal Crysta,,ATK %: 3
46,Attack+4%,Normal Crysta,,ATK %: 4
47,Attack+5%,Normal Crysta,,ATK %: 5
48,Attack+6%,Normal Crysta,,ATK %: 6
49,Attack+7%,Normal Crysta,,ATK %: 7
50,Attack+8%,Normal Crysta,,ATK %: 8
51,Auntie Yaga,Normal Crysta,,"MATK %: 5, CSPD %: 10, Amount of heal: 10"
52,Aureo Cereb,Normal Crysta,,"MATK %: 2, MaxHP: 1000, Long Range Damage %: 4"
53,Autumn Mother,Normal Crysta,,"MATK %: 3, MDEF %: 5, Magic Resistance %: 5, Water Resistance %: 5"
54,Avanclain,Normal Crysta,,"MaxHP %: 15, STR %: 3, VIT %: 3, Melee Resistance %: 3"
55,Babalang,Normal Crysta,,"ATK %: 2, MATK %: 2, MaxHP: -1000"
56,Baby Fins,Normal Crysta,,"ATK %: 4, Magic Resistance %: -12, Short Range Damage %: 6, Attack Speed: 600"
57,Badges of Trial,Normal Crysta,,"ATK %: 3, MATK %: 3, Critical Damage: 3, MaxMP: -150"
58,Baphomela,Normal Crysta,,"ATK %: 2, MATK %: 4, Physical Pierce %: 3, MaxHP: -3000"
59,Bard,Normal Crysta,,"Attack Speed: 1000, Cast Speed: 1000, Aggro %: -15, Magic Resistance %: 10"
60,Basalt,Additional Crysta,,"ATK %: 3, MATK %: 3, Stability %: 3"
61,Baurog,Normal Crysta,,"ATK %: 4, Physical Pierce %: 2, Fire Resistance %: 10, Critical Rate: -8"
62,Bavic,Normal Crysta,,"Melee Resistance %: 5, Magic Resistance %: 5, Aggro %: 15"
63,Beast on the Moonlight,Normal Crysta,,"Melee+100, ATK %: 3, Critical Rate: 10"
64,Behemoth,Weapon Crysta,,"MaxHP: 1500, ATK %: 3, Critical Damage: 3, Drop Rate %: -10"
65,Berild,Normal Crysta,,"Melee Resistance %: 3, Magic Resistance %: 3, Aggro %: 10, Reduce Dmg (Floor): 25"
66,Bernal,Weapon Crysta,,"ATK %: 5, Physical Pierce %: 5, Attack Speed %: 5"
67,Besyak,Normal Crysta,,"Short Range Damage %: 4, Unsheathe Attack %: 6, Stability %: 2"
68,Bewitching Kuchinashi,Normal Crysta,,"MATK %: 4, Magic Pierce %: 2, Cast Speed %: 8, Fire Resistance %: -12"
69,Big Coryn,Normal Crysta,,"MaxHP %: 10, MaxMP: 300, ATK %: 1, MATK %: 1"
70,Big Mask,Normal Crysta,,"ATK %: 3, MATK %: 3, DEF: -75, MDEF: -75"
71,Black Knight of Delusion,Additional Crysta,,"ATK %: 4, STR %: 3, Critical Damage: 5, Aggro %: -15"
72,Blaze Ant,Normal Crysta,,"ATK %: 2, STR %: 4, Short Range Damage %: 3, Physical Pierce %: 1"
73,Blood Smeared Crystal,Additional Crysta,,"ATK %: 5, MaxHP: -2500, Physical Pierce %: 10, Attack MP Recovery: 10"
74,Blue Jelly,Normal Crysta,,"Melee Resistance %: 2, Magic Resistance %: 2, MaxHP %: 5, Water Resistance %: 5"
75,Bluedia,Normal Crysta,,"ATK %: 3, Physical Pierce %: 10, Magic Resistance %: -10"
76,Bubble Bogey,Normal Crysta,,"ATK %: 2, MATK %: 2, Critical Rate: 8, Evasion %: 4"
77,Bullamius,Additional Crysta,,"ATK %: 4, MATK %: 4, Critical Damage: 4, MaxMP: -150"
78,Candela II,Normal Crysta,,"ATK %: 3, MATK %: 3, MaxMP: 100, Physical Pierce %: 5"
79,Candela,Normal Crysta,Upgrade to Candela II,"ATK %: 2, MATK %: 2, MaxMP: 50"
80,Captain Rhinoceros,Normal Crysta,,"ATK %: 4, Short Range Damage %: 4, Critical Damage %: 4, Physical Resistance %: -20"
81,Carbuncle,Normal Crysta,,"MaxMP: 300, Magic Resistance %: 10, Light Resistance %: 10, Aggro %: -15"
82,Caspy,Additional Crysta,,"Attack Speed %: 10, Cast Speed %: 10, Evasion %: 5"
83,Cat Doctor,Normal Crysta,,"ATK %: 4, Critical Damage: 8, Magic Resistance %: -12, Aggro %: -15"
84,Cdocumentase,Normal Crysta,,"ATK %: 1, MaxHP %: 14, Fractional Bdocumentrier %: 6"
85,Celeng,Normal Crysta,,"ATK %: 3, Accuracy: 15, Critical Damage: 7, MaxMP: -150"
86,Cersier,Normal Crysta,,"ATK %: 2, MATK %: 2, MaxHP %: 5, MaxMP: 150"
87,Cherrimoth,Normal Crysta,,"ATK %: 3, Critical Damage: 9, Melee Resistance %: -9, Magic Resistance %: -9"
88,Chief Bud,Normal Crysta,,"Attack Speed %: 5, Cast Speed %: 5, ATK %: 2, MATK %: 2"
89,Chubby Chu,Normal Crysta,,"Evasion %: 3, Aggro %: -10, Guard Rate %: 3, Guard Power: 100"
90,Chucky,Normal Crysta,,"STR: 3, Critical Damage: 9, Attack Speed: -210"
91,Clawed Iron Witch,Normal Crysta,,"ATK %: 4, MATK %: 4, MaxHP %: -12, Critical Rate: 8"
92,Commander Golem,Normal Crysta,,"ATK %: 2, MaxHP: 1500, Physical Resistance %: 5, Magic Resistance %: 5"
93,Corroded Dragon,Normal Crysta,,"ATK %: 6, MATK %: 6, MaxHP %: -10, Stability %: -10"
94,Corroded Fighter,Normal Crysta,,"ATK %: 5, MATK %: 5, MaxHP %: -8, Stability %: -8"
95,Corroded Knight Captain,Normal Crysta,,"ATK %: 3, MATK %: 3, MaxHP %: -4, Stability %: -4"
96,Corroded Knight,Normal Crysta,,"ATK %: 2, MATK %: 2, MaxHP %: -2, Stability %: -2"
97,Corroded Mage,Normal Crysta,,"ATK %: 4, MATK %: 4, MaxHP %: -6, Stability %: -6"
98,Corroded Slasher,Normal Crysta,,"ATK %: 1, MATK %: 1, MaxHP %: -1, Stability %: -1"
99,Coryn,Normal Crysta,,"MaxHP %: 5, MaxMP: 100"
100,Cspd+120,Normal Crysta,,Cast Speed: 120
101,Cspd+150,Normal Crysta,,Cast Speed: 150
102,Cspd+180,Normal Crysta,,Cast Speed: 180
103,Cspd+240,Normal Crysta,,Cast Speed: 240
104,Cspd+300,Normal Crysta,,Cast Speed: 300
105,Cspd+60,Normal Crysta,,Cast Speed: 60
106,Crystal Titan,Normal Crysta,,"ATK %: 3, MaxHP %: 6, Critical Rate: 9, Accuracy: -12"
107,Cursed Crystal,Weapon Crysta,,"Attack MP Recovery: -25, Natural HP Regen %: -25, Natural MP Regen %: -25, ATK: 50"
108,Daddy Fins,Weapon Crysta,,"ATK %: 3, Short Range Damage %: 5, Critical Rate: 7"
109,Dark Lord,Weapon Crysta,,"ATK %: 4, MATK %: 4, Dark Resistance %: 10, MaxHP %: -10"
110,Dark Mash,Normal Crysta,,"MaxMP: 300, Dark Resistance %: 5, Evasion %: 5"
111,Deadly Zombie,Normal Crysta,,"ATK %: 3, Short Range Damage %: 5, Guard Rate %: 5, Evasion: -20"
112,Deceiver,Normal Crysta,,"MaxMP: 450, Aggro %: -15, Cast Speed: 300"
113,Deep Eye,Normal Crysta,,"MATK %: 5, MaxHP: 1500, Physical Resistance %: -10, Magic Resistance %: -10"
114,Demonic Eye,Normal Crysta,,"MATK %: 6, MaxHP: 2000, Physical Resistance %: -12, Magic Resistance %: -12"
115,Deniala,Normal Crysta,,"ATK %: 3, MATK %: 3, Critical Damage: 3, Cast Speed: -90"
116,Demonic Quasar,Normal Crysta,,"ATK %: 2, MATK %: 2, MaxHP %: 8, MaxMP: 150"
117,DEX+1,Normal Crysta,,DEX: 1
118,DEX+2,Normal Crysta,,DEX: 2
119,DEX+3,Normal Crysta,,DEX: 3
120,DEX+4,Normal Crysta,,DEX: 4
121,DEX+5,Normal Crysta,,DEX: 5
122,DEX+6,Normal Crysta,,DEX: 6
123,DEX+7,Normal Crysta,,DEX: 7
124,DEX+8,Normal Crysta,,DEX: 8
125,DEX+9,Normal Crysta,,DEX: 9
126,Doctor Pom Pom,Normal Crysta,,"MATK %: 4, Ailment Resistance %: 4, Aggro %: -12, Heal Reward %: 4"
127,Doggo,Normal Crysta,,"ATK %: 2, MATK %: 2, Accuracy: 20, Evasion: 10"
128,Dominaredor,Normal Crysta,,"ATK %: 5, STR %: 3, Physical Pierce %: 5, Attack MP Recovery: -10"
129,Don Yeti,Normal Crysta,,"ATK %: 4, STR %: 2, Melee Resistance %: 6, Critical Rate: -2"
130,Dr. Leonardo II,Additional Crysta,,"MATK %: 5, Cast Speed: 250, MaxMP: 250, Magic Resistance %: 5"
131,Dr. Leonardo,Additional Crysta,Upgrade to Dr. Leonardo II,"MATK %: 4, Cast Speed: 200, MaxMP: 200"
132,Dragon Lord Kaiser II,Normal Crysta,,"ATK %: 6, MATK %: 6, MaxHP %: 6, MaxMP: 300"
133,Dragon Lord Kaiser,Normal Crysta,,"ATK %: 5, MATK %: 5, MaxHP %: 5, MaxMP: 250"
134,Dusk Machina,Weapon Crysta,,"ATK %: 5, STR %: 3, Critical Damage: 5, Aggro %: 15"
135,Earfluff,Normal Crysta,,"MaxHP %: 10, Neutral Resistance %: 5, Physical Resistance %: 5, Magic Resistance %: 5"
136,Eerie Crystal,Additional Crysta,,"ATK %: 2, MATK %: 2, Cast Speed: 300, Attack Speed: 300"
137,Efreet,Normal Crysta,,"ATK %: 3, MATK %: 3, MaxHP: -1500"
138,Elizard,Normal Crysta,,"Melee Resistance %: 4, Magic Resistance %: 4, Aggro %: 12"
139,Emperor,Normal Crysta,,"Melee+150, MATK-150, ATK %: 2, MATK %: -2"
140,Empress,Normal Crysta,,"Melee-150, MATK+150, ATK %: -2, MATK %: 2"
141,Enchanted Devil,Weapon Crysta,,"ATK %: 6, Magic Resistance %: -15, Critical Damage %: 4, Critical Rate %: 4"
142,Erd,Normal Crysta,,"Aggro %: 10, DEF: 50, Guard Rate %: 5"
143,Eroded Witch,Normal Crysta,,"MATK %: 5, Short Range Damage %: 5, Ailment Resistance %: 5, Critical rate: -15"
144,Evil Crystal Beast,Normal Crysta,,"ATK %: 2, MATK %: 2, Attack MP Recovery: 10, Cast Speed: -200"
145,Evil Lefina,Weapon Crysta,,"ATK %: 1, MATK %: 7, MaxHP: -1500"
146,Evil Shadow,Normal Crysta,,"ATK %: 3, Unsheathe Attack %: 8, Critical Damage: 5, Physical Pierce %: -20"
147,Excavated Golem,Weapon Crysta,,"ATK %: 2, MaxHP: 750, Long Range Damage %: 4"
148,Exdocus,Normal Crysta,,"Melee Resistance %: 3, Magic Resistance %: 3, Fractional Barrier %: 5, Aggro %: 10"
149,Fake Gdocumento,Normal Crysta,,"MATK %: 4, MaxMP: 200, Cast Speed %: 12"
150,Fanadon,Normal Crysta,,"ATK %: 4, Short Range Damage %: 4, Stability %: 4, HP %: -12"
151,Farming,Normal Crysta,,"Drop Rate %: 1, Melee Resistance %: 2, Magic Resistance %: 2"
152,Father's Love,Normal Crysta,,"ATK %: 2, MATK %: 2, MaxHP %: 10, MaxMP: 200"
153,Felicitoad,Normal Crysta,,"MATK %: 3, MaxMP: 250, Physical Resistance %: 5, Magic Resistance %: 5"
154,Feline,Normal Crysta,,"Attack Speed: 500, Critical Damage: 3, Evasion %: 5, Magic Resistance %: -10"
155,Fighter,Normal Crysta,,"Unsheathe Attack %: 4, ATK %: 4, Critical Rate: 4, Physical Pierce %: -12"
156,Fimera,Normal Crysta,,"ATK %: 3, MATK %: 3, Stability %: 3, Accuracy %: -9"
157,Finstern,Weapon Crysta,,"ATK %: 1, MATK %: 1, Critical Rate: 10, Critical Damage: 1"
158,Fire Demon,Normal Crysta,,"ATK %: 4, Physical Pierce %: 2, Fire Resistance %: 10, Stability %: -6"
159,Flame of Revenge,Normal Crysta,,"ATK %: 4, Magic Evasion %: 12, Critical Damage: 4, Physical Pierce %: -6"
160,Flower Bud,Normal Crysta,,"MaxMP: 300, ATK %: -1, MATK %: -1"
161,Flying Egg,Normal Crysta,,"ATK %: 4, MATK %: 4, Guard Rate %: -12, Evasion %: -12"
162,Flying Quartz,Normal Crysta,,"ATK %: 3, MATK %: 3, Aggro %: 10, DEF: -75"
163,Forest Wolf,Weapon Crysta,,"ATK: 20, Dodge %: 1, Attack Speed: 200"
164,Forneus,Normal Crysta,,"ATK %: 2, MATK %: 2, Critical Damage: 8, MaxHP %: -8"
165,Freedos,Normal Crysta,,"MaxHP %: 20, Water Resistance %: 5, Melee Resistance %: 5, Magic Resistance %: 5"
166,Frenzy Viola,Normal Crysta,,"ATK %: 5, STR %: 3, Short Range Damage %: 3, Guard Rate %: -10"
167,Frostis,Normal Crysta,,"MaxHP %: 15, Water Resistance %: 5, Melee Resistance %: 5"
168,Frozen Demon,Normal Crysta,,"ATK %: 4, Physical Pierce %: 2, Water Resistance %: 10, Motion Speed %: -2"
169,Ganglef,Weapon Crysta,,"ATK %: 3, Attack MP Recovery: 5, Critical Damage: 1, Stability %: -5"
170,Gespenst,Weapon Crysta,,"MATK %: 3, MaxMP: 150, Cast Speed: -50"
171,Gespenst II,Weapon Crysta,,"MATK %: 4, MaxMP: 200, Cast Speed %: -40"
172,Gespenst III,Weapon Crysta,,"MATK %: 5, MaxMP: 250, Cast Speed %: -30"
173,Gespenst IV,Weapon Crysta,,"MATK %: 6, MaxMP: 300, Cast Speed %: -20"
174,Ghastly Gloom,Normal Crysta,,"MATK %: 4, INT %: 2, Magic Pierce %: 6, Aggro %: 12"
175,Giga Sand,Normal Crysta,,"MATK %: 4, INT %: 2, Earth Resistance %: 10, Stability %: -6"
176,Gigant Rock,Normal Crysta,,"ATK: 50, DEF: 50, MDEF: 50"
177,Gigantic Octopus,Normal Crysta,,"ATK %: 4, MATK %: 4, DEX %: -8, Melee Resistance %: 12"
178,Glow Ray,Normal Crysta,,"ATK %: 1, MATK %: 1, MaxHP %: 5, Stability %: 5"
179,Glow Sepre,Normal Crysta,,"ATK %: 3, MATK %: 3, MaxHP %: 10, Stability %: 5"
180,Glow-in-the-dark-est,Normal Crysta,,"ATK %: 4, MATK %: 4, Critical Rate: 12, Evasion %: -8"
181,Glowy,Normal Crysta,,"Melee+150, ATK %: 1"
182,God-Hand,Normal Crysta,,"ATK %: 5, Short Range Damage %: 3, Physical Pierce %: 2, Accuracy: -30"
183,Golden Coryn,Normal Crysta,,"MaxHP %: 15, MaxMP: 400, ATK %: 2, MATK %: 2"
184,Golden Jel,Normal Crysta,,"ATK %: 3, Physical Pierce %: 3, Short Range Damage %: 3, Light Resistance %: 5"
185,Golden skeleton,Normal Crysta,,"ATK %: 2, MATK %: 2, Critical Rate: 4, Critical Damage: 4"
186,Golden Strich,Normal Crysta,,"MATK %: 3, Cast Speed %: 15, MaxMP: 100, Dark Resistance %: 5"
187,Golden Yeti,Normal Crysta,,"ATK %: 5, STR %: 3, Melee Resistance %: 7, Critical Rate: -3"
188,Goldoon,Normal Crysta,,"ATK %: 1, DEF: 30, MDEF: 30"
189,Golem,Normal Crysta,,"ATK %: 2, DEF: 20, MDEF: 20"
190,Golem Commander,Normal Crysta,,"ATK %: 3, DEF: 30, MDEF: 30"
191,Golem General,Normal Crysta,,"ATK %: 4, DEF: 40, MDEF: 40"
192,Golem Major,Normal Crysta,,"ATK %: 2, DEF: 20, MDEF: 20"
193,Golem Soldier,Normal Crysta,,"ATK %: 1, DEF: 10, MDEF: 10"
194,Gopherga,Weapon Crysta,,"ATK %: 3, MATK %: 3, Earth Resistance %: 10, MaxMP: -150"
195,Gorilla,Normal Crysta,,"ATK %: 2, Critical Rate: 2, Critical Damage: 2, DEF: -20"
196,Gorn,Normal Crysta,,"Aggro %: 10, DEF: 100, Melee Resistance %: 5"
197,Gouto,Normal Crysta,,"Aggro %: 15, Ailment Resistance %: 5, Guard Rate %: 5"
198,Gova,Additional Crysta,,"ATK %: 4, MATK %: 4, Accuracy: -10"
199,Grand Champ,Normal Crysta,,"ATK %: 2, MATK %: 2, Critical Damage: 8, Evasion %: -8"
200,Grand Pojoy,Normal Crysta,,"MATK %: 3, Cast Speed %: 15, Physical Resistance %: 5, Magic Resistance %: 5"
201,Gravicep,Weapon Crysta,,"ATK %: 6, Physical Pierce %: 3, Accuracy: -15"
202,Gray,Normal Crysta,,"ATK %: 3, MATK %: 3, MaxHP: -1000"
203,Great,Normal Crysta,,"ATK %: 3, Short Range Damage %: 3, Physical Pierce %: 3, Accuracy %: 3"
204,Grecia,Weapon Crysta,,"MATK %: 8, MaxHP %: -8"
205,Green Jelly,Normal Crysta,,"Melee Resistance %: 1, Magic Resistance %: 1, MaxHP %: 2, Wind Resistance %: 5"
206,Grenti,Normal Crysta,,"ATK %: 4, MATK %: 4, Critical Damage %: -4, Aggro %: 12"
207,Grimm,Normal Crysta,,"MATK %: 5, Critical Damage: 7, Physical Pierce %: -20"
208,Grimuck,Normal Crysta,,"ATK %: 2, Long Range Damage %: 4, Physical Resistance %: 6"
209,Grind,Normal Crysta,,"Melee+100, MATK-100, ATK %: 1, MATK %: -1"
210,Guard,Normal Crysta,,"Unsheathe Attack %: -2, Guard Rate %: 8, Guard Power: 400"
211,Guignol,Weapon Crysta,,"ATK %: 1, MATK %: 1, Attack MP Recovery: 10"
212,Gwaimol,Additional Crysta,,"ATK %: 4, MaxHP: 2000, Stability %: 5"
213,Halios,Normal Crysta,,"ATK %: 4, MATK %: 4, Critical Rate %: 4, Stability %: 4"
214,Hand-crafted Cookie,Normal Crysta,,"MaxMP: 250, Cast Speed %: 10, Water Resistance %: 5, Fire Resistance %: 5"
215,Heavy,Normal Crysta,,"Melee Resistance %: 4, Magic Resistance %: 4, Aggro %: 12"
216,Hell Breaker,Normal Crysta,,"ATK %: 4, MATK %: 4, MaxMP: -200, Critical Damage: 8"
217,Heroism,Normal Crysta,,"ATK %: 3, MATK %: 3, STR %: 3, INT %: 3"
218,Hexter,Normal Crysta,,"MATK %: 3, DEX %: 3, Magic Pierce %: 10, Attack Speed: -40"
219,High-Ent,Normal Crysta,,"MATK %: 5, Physical Resistance %: 5, Magic Resistance %: 5, Cast Speed %: 5"
220,Himmel,Normal Crysta,,"ATK %: 4, MATK %: 4, Neutral Resistance %: 5, Melee Resistance %: 5"
221,Hitoshi,Normal Crysta,,"ATK %: 3, MATK %: 3, Melee+100, MATK-100"
222,Horn,Normal Crysta,,"ATK %: 3, Long Range Damage %: 5, MaxHP: -1500"
223,Horn Machina,Weapon Crysta,,"ATK %: 3, Long Range Damage %: 5"
224,Horrifica,Normal Crysta,,"MATK %: 5, Critical Rate: 15, Cast Speed %: -20"
225,HP+100,Normal Crysta,,MaxHP: 100
226,HP+1000,Normal Crysta,,MaxHP: 1000
227,HP+1100,Normal Crysta,,MaxHP: 1100
228,HP+1200,Normal Crysta,,MaxHP: 1200
229,HP+1300,Normal Crysta,,MaxHP: 1300
230,HP+1400,Normal Crysta,,MaxHP: 1400
231,HP+1500,Normal Crysta,,MaxHP: 1500
232,HP+200,Normal Crysta,,MaxHP: 200
233,HP+2000,Normal Crysta,,MaxHP: 2000
234,HP+2100,Normal Crysta,,MaxHP: 2100
235,HP+2200,Normal Crysta,,MaxHP: 2200
236,HP+300,Normal Crysta,,MaxHP: 300
237,HP+400,Normal Crysta,,MaxHP: 400
238,HP+500,Normal Crysta,,MaxHP: 500
239,HP+600,Normal Crysta,,MaxHP: 600
240,HP+700,Normal Crysta,,MaxHP: 700
241,HP+800,Normal Crysta,,MaxHP: 800
242,HP+900,Normal Crysta,,MaxHP: 900
243,Huge Crystal,Weapon Crysta,,"ATK %: 3, MATK %: 3, Critical Damage %: 5"
244,Huge Leaf,Normal Crysta,,"ATK %: 4, MATK %: 4, Melee Resistance %: -8, Magic Resistance %: -8"
245,Hund,Normal Crysta,,"ATK %: 4, MATK %: 4, Aggro %: -12"
246,Hunter,Normal Crysta,,"ATK %: 2, Long Range Damage %: 4, Critical Rate: 6, Attack Speed %: -80"
247,Ice Dragon,Normal Crysta,,"ATK %: 4, Physical Pierce %: 2, Water Resistance %: 10, DEX %: -3"
248,Ico,Normal Crysta,,"ATK %: 3, Short Range Damage %: 3, Physical Pierce %: 3, Stability %: 3"
249,Ifrid,Weapon Crysta,,"ATK %: 3, Fire Resistance %: 5, Magic Resistance %: -5"
250,Imitacia,Additional Crysta,,"ATK %: 5, MATK %: 5, MaxHP %: -15, MaxMP: -75"
251,Imitator,Weapon Crysta,,"ATK %: 4, MATK %: 4, MaxHP %: -10"
252,Immortal,Normal Crysta,,"MaxHP %: 10, Melee Resistance %: 4, Magic Resistance %: 4, Guard Rate %: 4"
253,In-depth,Normal Crysta,,"ATK %: 3, MATK %: 3, Critical Rate: 8, Magic Evasion %: 8"
254,INT+1,Normal Crysta,,INT: 1
255,INT+2,Normal Crysta,,INT: 2
256,INT+3,Normal Crysta,,INT: 3
257,INT+4,Normal Crysta,,INT: 4
258,INT+5,Normal Crysta,,INT: 5
259,INT+6,Normal Crysta,,INT: 6
260,INT+7,Normal Crysta,,INT: 7
261,Iron Empress,Weapon Crysta,,"ATK %: 5, STR %: 3, Physical Pierce %: 5, Critical Rate: -10"
262,Irestida,Weapon Crysta,,"ATK %: 7, MATK %: -3, Light Resistance %: 5"
263,Iron K,Normal Crysta,,"ATK %: 4, Melee Resistance %: 4, Guard Rate %: 4, Aggro %: 12"
264,Jade Raptor,Weapon Crysta,,"ATK: 25, Critical Rate: 7, Attack Speed: 250"
265,Jel,Normal Crysta,,"ATK %: 2, Physical Pierce %: 2, Short Range Damage %: 2, Fire Resistance %: 5"
266,Jewel,Normal Crysta,,"Melee-150, MATK+150, ATK %: -1, MATK %: 1"
267,Jeweled Peak,Normal Crysta,,"ATK %: 4, MATK %: 4, MaxMP: -200, Critical Rate: 8"
268,Joc,Normal Crysta,,"Melee Resistance %: 3, Magic Resistance %: 3, Aggro %: 10, Fractional Barrier %: 5"
269,Jumpsuit Goblin,Normal Crysta,,"ATK %: 4, MATK %: 4, Attack Speed %: -20, Cast Speed %: -20"
270,K-Witch,Normal Crysta,,"MATK %: 4, Long Range Damage %: 4, Ailment Resistance %: 4, Evasion: -20"
271,Kaiser II,Normal Crysta,,"ATK %: 3, MATK %: 3, MaxHP %: 3, MaxMP: 150"
272,Kaiser,Normal Crysta,,Upgrade to Kaiser II,"ATK %: 2, MATK %: 2, MaxHP %: 2, MaxMP: 100"
273,Karkinos,Normal Crysta,,"ATK %: 2, MATK %: 2, Evasion %: 4, Guard Rate %: 4"
274,Kelm,Normal Crysta,,"ATK %: 3, MATK %: 3, Short Range Damage %: 3, Long Range Damage %: 3"
275,King Piton,Weapon Crysta,,"ATK %: 3, Critical Rate: 5, MaxHP %: -10"
276,Kinship,Normal Crysta,,"ATK %: 1, MATK %: 1, MaxHP %: 10, MaxMP: 200"
277,Knight,Normal Crysta,,"Unsheathe Attack %: -2, ATK %: 2, MaxHP %: 8, Aggro %: 8"
278,Knight of the Sun,Normal Crysta,,"ATK %: 4, Melee Resistance %: 8, Magic Resistance %: 8, Guard Rate %: 4"
279,Knote,Normal Crysta,,"Melee Resistance %: 5, Magic Resistance %: 5, Aggro %: 15"
280,Kuzto,Additional Crysta,,"ATK %: 4, MATK %: 4, MaxMP: 200, Stability %: 2"
281,Lalvada,Weapon Crysta,,"ATK: 30, MATK: 30, Critical Rate: 6"
282,Lapin,Normal Crysta,,"Magic Resistance %: 10, MaxHP %: 5, Heal Reward %: 10"
283,Larva,Normal Crysta,,"ATK %: 3, Physical Pierce %: 3, Melee Resistance %: 3, Earth Resistance %: 5"
284,Lavabeast,Normal Crysta,,"ATK %: 4, STR %: 2, Fire Resistance %: 10, Neutral Resistance %: -10"
285,Leaf,Normal Crysta,,"ATK %: 2, MATK %: 2, Melee Resistance %: -4, Magic Resistance %: -4"
286,Leder,Normal Crysta,,"Aggro %: 10, MDEF: 50, Magic Resistance %: 5"
287,Legacy of Will,Normal Crysta,,"ATK %: 2, MATK %: 2, MaxHP %: 8, Fractional Barrier %: 4"
288,Leomad,Normal Crysta,,"MATK %: 4, MaxMP: 200, Cast Speed %: 12"
289,Leviam,Normal Crysta,,"MaxHP %: 10, MaxMP: 200, ATK %: 1, MATK %: 1"
290,Light,Normal Crysta,,"Melee+150, MATK-150, ATK %: 1, MATK %: -1"
291,Lindwurm,Normal Crysta,,"ATK %: 2, MATK %: 2, Long Range Damage %: 6, Accuracy %: -4"
292,Lion,Normal Crysta,,"ATK %: 3, Long Range Damage %: 3, Physical Pierce %: 3, Stability %: 3"
293,Little,Normal Crysta,,"ATK %: 3, MATK %: 3, Short Range Damage %: 3, Evasion %: 3"
294,Livid,Normal Crysta,,"ATK %: 2, STR %: 2, MaxHP %: 6, Aggro %: 6"
295,Long-Armed,Normal Crysta,,"ATK %: 3, Short Range Damage %: 3, Physical Pierce %: 3, Evasion %: 3"
296,Looking,Normal Crysta,,"MATK %: 3, Long Range Damage %: 3, Magic Pierce %: 3, Accuracy %: 3"
297,Lot,Normal Crysta,,"MATK %: 3, Long Range Damage %: 3, Magic Pierce %: 3, Stability %: 3"
298,Luminous,Normal Crysta,,"MATK %: 3, Cast Speed %: 15, MaxMP: 100, Fire Resistance %: 5"
299,Lunadore,Normal Crysta,,"MATK %: 3, MaxHP %: 10, Dark Resistance %: 5, Light Resistance %: 5"
300,Lyark,Normal Crysta,,"ATK %: 4, MATK %: 4, DEF %: 5, MDEF %: 5"
301,Lyark Master,Normal Crysta,,"ATK %: 5, MATK %: 5, DEF %: 10, MDEF %: 10"
302,Mad Doctor,Normal Crysta,,"MATK %: 5, Ailment Resistance %: 5, Aggro %: -13, Heal Reward %: 5"
303,Magic,Normal Crysta,,"MATK %: 3, Cast Speed %: 15, MaxMP: 100, Neutral Resistance %: 5"
304,Magic Marionette,Weapon Crysta,,"MATK %: 3, MaxMP: 200, Magic Pierce %: 5"
305,Magic Swordsman,Normal Crysta,,"ATK %: 2, MATK %: 2, Unsheathe Attack %: 4, Cast Speed %: 4"
306,Majestic,Normal Crysta,,"MATK %: 3, Long Range Damage %: 3, Magic Pierce %: 3, Evasion %: 3"
307,Malk,Normal Crysta,,"ATK %: 3, MATK %: 3, Long Range Damage %: 3, Evasion %: 3"
308,Mana,Normal Crysta,,"MATK %: 1, MaxMP: 50, Magic Resistance %: 1, Light Resistance %: 1"
309,Mandarin Chef,Normal Crysta,,"ATK %: 3, MATK %: 3, MaxHP %: 10, MaxMP: 200"
310,Mane,Normal Crysta,,"ATK %: 2, MATK %: 2, Critical Rate: 4, Magic Evasion %: 4"
311,Marchitar,Weapon Crysta,,"ATK: 40, MATK: 40, Stability %: 5"
312,Mardula,Weapon Crysta,,"ATK %: 1, MATK %: 5, Stability %: 3, Cast Speed: 100"
313,Mareth,Normal Crysta,,"ATK %: 4, MATK %: 4, MaxHP %: -12, Evasion: 8"
314,Marrow,Normal Crysta,,"ATK %: 1, STR %: 1, MaxHP %: 3, Aggro %: 3"
315,Masked Warrior,Weapon Crysta,,"ATK: 35, MaxHP: 250, Attack Speed: 250"
316,Maton,Normal Crysta,,"ATK %: 2, Short Range Damage %: 4, Magic Resistance %: 6"
317,Maton Sword,Weapon Crysta,,"ATK: 20, Guard Rate %: 3, Attack Speed: 100"
318,Mauez,Weapon Crysta,,"MATK %: 3, Earth Resistance %: 5, Physical Resistance %: -5"
319,Medo,Normal Crysta,,"Melee Resistance %: 5, Magic Resistance %: 5, Aggro %: 15"
320,Mega Alpoca,Normal Crysta,,"ATK %: 3, MATK %: 3, Melee Resistance %: 5, Magic Resistance %: 5"
321,Memecoleous,Additional Crysta,,"ATK %: 3, MATK %: 3, MaxHP: 1500"
322,Meow,Normal Crysta,,"ATK %: 3, Critical Damage %: 3, Evasion %: 3, Neutral Resistance %: 3"
323,Merlot,Normal Crysta,,"MATK %: 4, MaxHP %: 12, Physical Resistance %: 4, Magic Resistance %: 4"
324,Metcel,Normal Crysta,,"Melee Resistance %: 4, Magic Resistance %: 4, Aggro %: 12"
325,Mimesia,Normal Crysta,,"ATK %: 2, MATK %: 2, Short Range Damage %: 6, Long Range Damage %: -12"
326,Minotaur,Weapon Crysta,,"ATK %: 2, MaxHP: 250, ASPD: 50"
327,Miracle Potum,Weapon Crysta,,"ATK %: 1, MATK %: 1, Critical Rate: 1, Evasion %: 3"
328,Misery,Normal Crysta,,"ATK %: 4, MATK %: 4, MaxHP %: -12, Guard Rate: 8"
329,Misty,Normal Crysta,,"MATK %: 3, Cast Speed %: 15, MaxMP: 100, Wind Resistance %: 5"
330,Mom Fluck,Additional Crysta,,"ATK %: 2, MATK %: 2, MaxHP %: 15, Physical Resistance %: 5"
331,Mommy,Normal Crysta,,"ATK %: 2, MATK %: 2, MaxHP %: 8, Magic Resistance %: 4"
332,Monk,Normal Crysta,,"ATK %: 5, Critical Rate: 10, Magic Evasion %: 5, MaxHP %: -15"
333,Moonlight,Weapon Crysta,,"MATK: 40, MaxMP: 100, Attack Speed: 100"
334,Moonlight Potum,Weapon Crysta,,"MATK: 30, MaxMP: 50, Attack Speed: 50"
335,Morrel,Normal Crysta,,"MATK %: 2, INT %: 2, MaxHP %: 6, Aggro %: 6"
336,Mort,Normal Crysta,,"ATK %: 4, STR %: 2, Short Range Damage %: 2, Critical Damage %: 2"
337,Moss,Normal Crysta,,"ATK %: 2, Physical Pierce %: 2, Melee Resistance %: 2, Wind Resistance %: 5"
338,Mother,Normal Crysta,,"MATK %: 2, INT %: 2, MaxHP %: 6, Aggro %: 6"
339,Mozto,Additional Crysta,,"ATK %: 3, MATK %: 3, MaxHP %: 10, Physical Resistance %: 3"
340,MP+100,Normal Crysta,,MaxMP: 100
341,MP+150,Normal Crysta,,MaxMP: 150
342,MP+200,Normal Crysta,,MaxMP: 200
343,MP+250,Normal Crysta,,MaxMP: 250
344,MP+300,Normal Crysta,,MaxMP: 300
345,MP+50,Normal Crysta,,MaxMP: 50
346,Munchie,Normal Crysta,,"ATK %: 2, Short Range Damage %: 4, Stability %: 2, STR %: -1"
347,Narumi Hina,Normal Crysta,,"ATK %: 4, MATK %: 4, Accuracy: -30, Critical Rate: 12"
348,Naughty,Normal Crysta,,"ATK %: 3, Short Range Damage %: 3, Physical Pierce %: 3, Accuracy %: -6"
349,Neko,Normal Crysta,,"ATK %: 3, Critical Damage %: 3, Evasion %: 3, Dark Resistance %: 3"
350,Nemico,Weapon Crysta,,"ATK %: 2, MATK %: 2, MaxHP: 1500"
351,Neo Maton,Normal Crysta,,"ATK %: 3, Short Range Damage %: 6, Magic Resistance %: 8"
352,Nightmare Potum,Weapon Crysta,,"ATK %: 2, MATK %: 2, Critical Damage: 3, Dark Resistance %: 5"
353,Ninja,Normal Crysta,,"ATK %: 5, MATK %: 5, Evasion %: 5, Critical Rate: 5"
354,NK Empero,Normal Crysta,,"ATK %: 5, STR %: 3, Physical Pierce %: 3, Short Range Damage %: 3"
355,Noeliel,Normal Crysta,,"ATK %: 4, MATK %: 4, MaxHP %: 12, Stability %: -8"
356,Nurethoth,Additional Crysta,,"MATK %: 5, INT %: 3, Magic Pierce %: 5, Aggro %: -15"
357,Odelon Machina,Weapon Crysta,,"ATK: 50, MATK: 50, Critical Rate: 10, Attack Speed: -25"
358,Odin,Normal Crysta,,"ATK %: 4, STR %: 2, MaxHP %: 8, Aggro %: 8"
359,Ogre,Normal Crysta,,"ATK %: 3, Short Range Damage %: 3, Physical Pierce %: 3, Stability %: -6"
360,Omo,Normal Crysta,,"Melee Resistance %: 4, Magic Resistance %: 4, Aggro %: 12"
361,Ornlarf,Weapon Crysta,,"ATK: 45, Critical Damage: 7, MaxHP: -2000"
362,Orthodox,Normal Crysta,,"ATK %: 3, Short Range Damage %: 3, Physical Pierce %: 3, Guard Rate %: 3"
363,Oucher,Normal Crysta,,"ATK %: 2, Short Range Damage %: 4, Critical Damage: 2, VIT %: -1"
364,Outer World,Normal Crysta,,"ATK %: 5, MATK %: 5, Critical Rate: 10, DEF %: -15"
365,Ow,Normal Crysta,,"ATK %: 1, Short Range Damage %: 2, Critical Damage: 1, VIT %: -1"
366,Pain,Normal Crysta,,"ATK %: 2, Short Range Damage %: 4, Critical Damage: 2, STR %: -1"
367,Palace,Normal Crysta,,"Melee Resistance %: 3, Magic Resistance %: 3, Aggro %: 10, Guard Rate %: 5"
368,Paladin,Normal Crysta,,"Unsheathe Attack %: -2, ATK %: 4, MaxHP %: 12, Aggro %: 12"
369,Patissia,Normal Crysta,,"MATK %: 4, MaxHP %: 12, Melee Resistance %: 4, Magic Resistance %: 4"
370,Pelis,Normal Crysta,,"Melee Resistance %: 4, Magic Resistance %: 4, Aggro %: 12"
371,Pillar Golem,Weapon Crysta,,"ATK %: 1, MATK %: 1, MaxHP: 2000"
372,Pillar Golem II,Weapon Crysta,,"ATK %: 2, MATK %: 2, MaxHP: 2500"
373,Pink Jelly,Normal Crysta,,"Melee Resistance %: 3, Magic Resistance %: 3, MaxHP %: 8, Fire Resistance %: 5"
374,Pistol,Normal Crysta,,"ATK %: 3, Long Range Damage %: 3, Physical Pierce %: 3, Evasion %: 3"
375,Planet Head,Normal Crysta,,"ATK %: 2, MATK %: 2, Long Range Damage %: 6, Cast Speed %: -80"
376,Poison,Normal Crysta,,"ATK %: 3, Short Range Damage %: 3, Physical Pierce %: 3, Critical Rate %: 3"
377,Poisonous,Normal Crysta,,"MATK %: 3, Long Range Damage %: 3, Magic Pierce %: 3, Critical Rate %: 3"
378,Pome,Normal Crysta,,"ATK %: 3, Critical Damage %: 3, Evasion %: 3, Wind Resistance %: 3"
379,Pova,Additional Crysta,,"ATK %: 3, MATK %: 3, MaxHP: 1000"
380,Proto Leon,Weapon Crysta,,"ATK: 25, ATK %: 2, Critical Rate: 5, Guard Rate %: -10"
381,Pumking,Weapon Crysta,,"ATK %: 2, MATK %: 2, Critical Damage: 6, Evasion %: -4"
382,Purple Jelly,Normal Crysta,,"Melee Resistance %: 4, Magic Resistance %: 4, MaxHP %: 12, Dark Resistance %: 5"
383,Pyxtica,Normal Crysta,,"ATK %: 2, MATK %: 2, MaxHP %: 8, Melee Resistance %: 4"
384,Raging,Normal Crysta,,"ATK %: 3, Short Range Damage %: 3, Physical Pierce %: 3, Critical Damage %: 3"
385,Raging Brute,Normal Crysta,,"ATK %: 4, STR %: 2, Short Range Damage %: 2, Critical Damage %: 2"
386,Ranger,Normal Crysta,,"ATK %: 3, Long Range Damage %: 6, Critical Rate: 9, Attack Speed %: -120"
387,Ras,Normal Crysta,,"ATK %: 3, MATK %: 3, Short Range Damage %: 3, Attack Speed %: 3"
388,Rat,Normal Crysta,,"ATK %: 3, Critical Damage %: 3, Evasion %: 3, Light Resistance %: 3"
389,Red Jelly,Normal Crysta,,"Melee Resistance %: 1, Magic Resistance %: 1, MaxHP %: 3, Neutral Resistance %: 5"
390,Repthon,Normal Crysta,,"ATK %: 5, MATK %: 5, Fractional Barrier %: 10, MaxMP: -250"
391,Reth,Normal Crysta,,"ATK %: 3, MATK %: 3, Long Range Damage %: 3, Attack Speed %: 3"
392,Rival,Normal Crysta,,"ATK %: 5, MATK %: 5, Critical Damage: 5, MaxMP: -250"
393,Rock,Normal Crysta,,"ATK %: 1, Physical Pierce %: 1, Melee Resistance %: 1, Earth Resistance %: 5"
394,Rock Stinger,Weapon Crysta,,"ATK: 15, MaxHP: 150, Melee Pierce %: 5"
395,Roga,Weapon Crysta,,"ATK: 30, MaxHP: 500, Guard Rate %: 5"
396,Root,Normal Crysta,,"MATK %: 1, Magic Pierce %: 1, Melee Resistance %: 1, Earth Resistance %: 5"
397,Ruin Golem,Weapon Crysta,,"ATK: 25, MaxHP: 800, Melee Resistance %: 2"
398,Rut,Normal Crysta,,"ATK %: 3, MATK %: 3, Short Range Damage %: 3, Cast Speed %: 3"
399,Scream,Normal Crysta,,"ATK %: 1, Short Range Damage %: 2, Critical Damage: 1, STR %: -1"
400,Sand Mole,Normal Crysta,,"ATK %: 2, MATK %: 2, Critical Damage: 6, Accuracy %: -8"
401,Satan,Normal Crysta,,"ATK %: 4, STR %: 2, MaxHP %: 8, Aggro %: 8"
402,Savage,Normal Crysta,,"ATK %: 3, Short Range Damage %: 3, Physical Pierce %: 3, MaxHP %: 3"
403,Scream,Normal Crysta,,"ATK %: 1, Short Range Damage %: 2, Critical Damage: 1, STR %: -1"
404,See,Normal Crysta,,"MATK %: 3, Long Range Damage %: 3, Magic Pierce %: 3, MaxHP %: 3"
405,Seraph,Normal Crysta,,"ATK %: 4, STR %: 2, MaxHP %: 8, Aggro %: 8"
406,Shadow,Normal Crysta,,"ATK %: 3, Unsheathe Attack %: 8, Critical Damage: 5, Critical Rate %: -10"
407,Shadowfly,Normal Crysta,,"ATK %: 2, MATK %: 2, MaxHP %: 8, Evasion %: 4"
408,Shampy,Normal Crysta,,"ATK %: 2, MATK %: 2, MaxHP %: 8, Physical Resistance %: 4"
409,Shining,Normal Crysta,,"ATK %: 3, Long Range Damage %: 3, Physical Pierce %: 3, MaxHP %: 3"
410,Shining Gentleman,Weapon Crysta,,"ATK %: 1, MATK %: 1, Stability %: 10"
411,Shrewd,Normal Crysta,,"MATK %: 3, Long Range Damage %: 3, Magic Pierce %: 3, Critical Damage %: 3"
412,Sim,Normal Crysta,,"ATK %: 3, MATK %: 3, Long Range Damage %: 3, Cast Speed %: 3"
413,Siora,Normal Crysta,,"ATK %: 4, MATK %: 4, MaxHP %: -12, Ailment Resistance: 8"
414,Skeleye,Normal Crysta,,"ATK %: 4, STR %: 2, Dark Resistance %: 10, Neutral Resistance %: -10"
415,Slinger,Normal Crysta,,"ATK %: 3, Long Range Damage %: 6, Physical Pierce %: 3, Attack Speed %: -60"
416,Small,Normal Crysta,,"ATK %: 3, MATK %: 3, Short Range Damage %: 3, Stability %: 3"
417,Sniper,Normal Crysta,,"ATK %: 6, Long Range Damage %: 8, Critical Rate: 12, Attack Speed %: -200"
418,Soar,Normal Crysta,,"MATK %: 3, Long Range Damage %: 3, Magic Pierce %: 3, Cast Speed %: 3"
419,Soldier,Normal Crysta,,"ATK %: 4, Short Range Damage %: 2, Critical Damage: 2, Guard Rate %: 2"
420,Solopy,Normal Crysta,,"ATK %: 3, MATK %: 3, Evasion %: 5, Magic Resistance %: 5"
421,Sorcerer,Normal Crysta,,"MATK %: 6, Long Range Damage %: 8, Critical Rate: 12, Cast Speed %: -200"
422,Sorcery,Normal Crysta,,"MATK %: 4, Long Range Damage %: 2, Critical Damage: 2, Guard Rate %: 2"
423,Spade,Normal Crysta,,"ATK %: 3, Long Range Damage %: 3, Physical Pierce %: 3, Attack Speed %: 3"
424,Spec,Normal Crysta,,"ATK %: 3, MATK %: 3, Stability %: 5, Magic Resistance %: 5"
425,Specter,Normal Crysta,,"ATK %: 2, MATK %: 2, Short Range Damage %: 6, Magic Evasion %: -12"
426,Spider,Normal Crysta,,"ATK %: 3, Critical Damage %: 3, Evasion %: 3, Fire Resistance %: 3"
427,Spiky,Normal Crysta,,"ATK %: 2, Critical Damage %: 2, Evasion %: 2, Neutral Resistance %: 2"
428,Spirit,Normal Crysta,,"MATK %: 4, Long Range Damage %: 2, Critical Damage: 2, Magic Resistance %: 2"
429,Sting,Normal Crysta,,"ATK %: 2, Critical Damage %: 2, Evasion %: 2, Dark Resistance %: 2"